date,open,high,low,close,volume
2024-10-16,0.2000000029802322,0.2199999988079071,0.1909999996423721,0.209999993443489,102900.0
2024-10-17,0.2199999988079071,0.2450000047683715,0.209999993443489,0.2399999946355819,67000.0
2024-10-18,0.2399999946355819,0.2399999946355819,0.2300000041723251,0.2300000041723251,38000.0
2024-10-21,0.2399999946355819,0.2399999946355819,0.2349999994039535,0.2349999994039535,4100.0
2024-10-22,0.2300000041723251,0.2300000041723251,0.2300000041723251,0.2300000041723251,7500.0
2024-10-23,0.2150000035762787,0.2150000035762787,0.2150000035762787,0.2150000035762787,20000.0
2024-10-24,0.2150000035762787,0.2150000035762787,0.2150000035762787,0.2150000035762787,1000.0
2024-10-25,0.2150000035762787,0.2150000035762787,0.2150000035762787,0.2150000035762787,2500.0
2024-10-28,0.2150000035762787,0.2150000035762787,0.2150000035762787,0.2150000035762787,0.0
2024-10-29,0.2000000029802322,0.209999993443489,0.2000000029802322,0.209999993443489,6100.0
2024-10-30,0.209999993443489,0.209999993443489,0.209999993443489,0.209999993443489,1500.0
2024-11-01,0.209999993443489,0.209999993443489,0.2000000029802322,0.2000000029802322,8000.0
2024-11-04,0.2000000029802322,0.2000000029802322,0.2000000029802322,0.2000000029802322,0.0
2024-11-05,0.2000000029802322,0.2000000029802322,0.2000000029802322,0.2000000029802322,2000.0
2024-11-06,0.2000000029802322,0.2000000029802322,0.2000000029802322,0.2000000029802322,7000.0
2024-11-07,0.2000000029802322,0.2000000029802322,0.2000000029802322,0.2000000029802322,0.0
2024-11-08,0.2000000029802322,0.2000000029802322,0.2000000029802322,0.2000000029802322,39100.0
2024-11-11,0.2000000029802322,0.2000000029802322,0.2000000029802322,0.2000000029802322,0.0
2024-11-12,0.1899999976158142,0.1899999976158142,0.1800000071525573,0.1800000071525573,25700.0
2024-11-13,0.1800000071525573,0.1800000071525573,0.1800000071525573,0.1800000071525573,0.0
2024-11-14,0.1800000071525573,0.1800000071525573,0.1800000071525573,0.1800000071525573,0.0
2024-11-15,0.1800000071525573,0.1800000071525573,0.1800000071525573,0.1800000071525573,0.0
2024-11-18,0.1800000071525573,0.1800000071525573,0.1800000071525573,0.1800000071525573,0.0
2024-11-19,0.1800000071525573,0.1800000071525573,0.1800000071525573,0.1800000071525573,0.0
2024-11-20,0.1800000071525573,0.1800000071525573,0.1800000071525573,0.1800000071525573,0.0
2024-11-21,0.1800000071525573,0.1800000071525573,0.1800000071525573,0.1800000071525573,0.0
2024-11-22,0.1800000071525573,0.1800000071525573,0.1800000071525573,0.1800000071525573,0.0
2024-11-25,0.1800000071525573,0.1800000071525573,0.1800000071525573,0.1800000071525573,0.0
2024-11-26,0.1800000071525573,0.1800000071525573,0.1800000071525573,0.1800000071525573,0.0
2024-11-27,0.1800000071525573,0.1800000071525573,0.1800000071525573,0.1800000071525573,0.0
2024-11-28,0.1800000071525573,0.1800000071525573,0.1800000071525573,0.1800000071525573,0.0
2024-11-29,0.1800000071525573,0.1800000071525573,0.1800000071525573,0.1800000071525573,0.0
2024-12-02,0.1800000071525573,0.1800000071525573,0.1800000071525573,0.1800000071525573,0.0
2024-12-03,0.1800000071525573,0.1800000071525573,0.1800000071525573,0.1800000071525573,0.0
2024-12-04,0.1800000071525573,0.1800000071525573,0.1800000071525573,0.1800000071525573,0.0
2024-12-05,0.1800000071525573,0.1800000071525573,0.1800000071525573,0.1800000071525573,0.0
2024-12-06,0.1800000071525573,0.1800000071525573,0.1800000071525573,0.1800000071525573,0.0
2024-12-09,0.1800000071525573,0.1800000071525573,0.1800000071525573,0.1800000071525573,0.0
2024-12-10,0.1800000071525573,0.1800000071525573,0.1800000071525573,0.1800000071525573,0.0
2024-12-11,0.1850000023841858,0.1850000023841858,0.1850000023841858,0.1850000023841858,3000.0
2024-12-12,0.1850000023841858,0.1850000023841858,0.1850000023841858,0.1850000023841858,0.0
2024-12-13,0.2199999988079071,0.2199999988079071,0.2199999988079071,0.2199999988079071,100.0
2024-12-16,0.2000000029802322,0.2000000029802322,0.2000000029802322,0.2000000029802322,500.0
2024-12-17,0.2000000029802322,0.2000000029802322,0.2000000029802322,0.2000000029802322,0.0
2024-12-18,0.2000000029802322,0.2000000029802322,0.2000000029802322,0.2000000029802322,0.0
2024-12-19,0.2000000029802322,0.2000000029802322,0.2000000029802322,0.2000000029802322,0.0
2024-12-20,0.2000000029802322,0.2000000029802322,0.2000000029802322,0.2000000029802322,0.0
2024-12-23,0.2000000029802322,0.2000000029802322,0.2000000029802322,0.2000000029802322,0.0
2024-12-24,0.2000000029802322,0.2000000029802322,0.2000000029802322,0.2000000029802322,0.0
2024-12-26,0.2000000029802322,0.2000000029802322,0.2000000029802322,0.2000000029802322,0.0
2024-12-27,0.2000000029802322,0.2000000029802322,0.2000000029802322,0.2000000029802322,0.0
2024-12-30,0.2000000029802322,0.2000000029802322,0.2000000029802322,0.2000000029802322,0.0
2024-12-31,0.2000000029802322,0.2000000029802322,0.2000000029802322,0.2000000029802322,0.0
2025-01-02,0.2000000029802322,0.2000000029802322,0.2000000029802322,0.2000000029802322,0.0
2025-01-03,0.2000000029802322,0.2000000029802322,0.2000000029802322,0.2000000029802322,0.0
2025-01-06,0.2000000029802322,0.2000000029802322,0.2000000029802322,0.2000000029802322,0.0
2025-01-07,0.2000000029802322,0.2000000029802322,0.2000000029802322,0.2000000029802322,2000.0
2025-01-08,0.2000000029802322,0.2000000029802322,0.2000000029802322,0.2000000029802322,0.0
2025-01-09,0.2000000029802322,0.2000000029802322,0.2000000029802322,0.2000000029802322,0.0
2025-01-10,0.2000000029802322,0.2000000029802322,0.2000000029802322,0.2000000029802322,0.0
2025-01-13,0.2000000029802322,0.2000000029802322,0.2000000029802322,0.2000000029802322,0.0
2025-01-14,0.2000000029802322,0.2000000029802322,0.2000000029802322,0.2000000029802322,0.0
2025-01-15,0.2000000029802322,0.2000000029802322,0.2000000029802322,0.2000000029802322,0.0
2025-01-16,0.2000000029802322,0.2000000029802322,0.2000000029802322,0.2000000029802322,0.0
2025-01-17,0.2000000029802322,0.2000000029802322,0.2000000029802322,0.2000000029802322,0.0
2025-01-20,0.2000000029802322,0.2000000029802322,0.2000000029802322,0.2000000029802322,0.0
2025-01-21,0.2000000029802322,0.2000000029802322,0.2000000029802322,0.2000000029802322,0.0
2025-01-22,0.2000000029802322,0.2000000029802322,0.2000000029802322,0.2000000029802322,100.0
2025-01-23,0.2000000029802322,0.2000000029802322,0.2000000029802322,0.2000000029802322,0.0
2025-01-24,0.2000000029802322,0.2000000029802322,0.2000000029802322,0.2000000029802322,0.0
2025-01-27,0.2000000029802322,0.2000000029802322,0.2000000029802322,0.2000000029802322,0.0
2025-01-28,0.2000000029802322,0.2000000029802322,0.2000000029802322,0.2000000029802322,0.0
2025-01-31,0.2000000029802322,0.2000000029802322,0.2000000029802322,0.2000000029802322,0.0
2025-02-03,0.1800000071525573,0.1800000071525573,0.1800000071525573,0.1800000071525573,31000.0
2025-02-04,0.1800000071525573,0.1800000071525573,0.1800000071525573,0.1800000071525573,0.0
2025-02-05,0.1800000071525573,0.1800000071525573,0.1800000071525573,0.1800000071525573,0.0
2025-02-06,0.1800000071525573,0.1800000071525573,0.1800000071525573,0.1800000071525573,1300.0
2025-02-07,0.1800000071525573,0.1800000071525573,0.1800000071525573,0.1800000071525573,0.0
2025-02-10,0.1800000071525573,0.1800000071525573,0.1800000071525573,0.1800000071525573,0.0
2025-02-11,0.1800000071525573,0.1800000071525573,0.1800000071525573,0.1800000071525573,0.0
2025-02-12,0.1800000071525573,0.1800000071525573,0.1800000071525573,0.1800000071525573,0.0
2025-02-13,0.1800000071525573,0.1800000071525573,0.1800000071525573,0.1800000071525573,0.0
2025-02-14,0.1800000071525573,0.1800000071525573,0.1800000071525573,0.1800000071525573,0.0
2025-02-17,0.1800000071525573,0.1800000071525573,0.1800000071525573,0.1800000071525573,0.0
2025-02-18,0.1800000071525573,0.1800000071525573,0.1800000071525573,0.1800000071525573,0.0
2025-02-19,0.1800000071525573,0.1800000071525573,0.1800000071525573,0.1800000071525573,0.0
2025-02-20,0.1700000017881393,0.1700000017881393,0.1700000017881393,0.1700000017881393,34000.0
2025-02-21,0.1700000017881393,0.1700000017881393,0.1700000017881393,0.1700000017881393,0.0
2025-02-24,0.1700000017881393,0.1700000017881393,0.1700000017881393,0.1700000017881393,0.0
2025-02-25,0.2000000029802322,0.2000000029802322,0.2000000029802322,0.2000000029802322,4000.0
2025-02-26,0.2000000029802322,0.2000000029802322,0.2000000029802322,0.2000000029802322,0.0
2025-02-27,0.2000000029802322,0.2000000029802322,0.2000000029802322,0.2000000029802322,0.0
2025-02-28,0.2000000029802322,0.2000000029802322,0.2000000029802322,0.2000000029802322,0.0
2025-03-03,0.2000000029802322,0.2000000029802322,0.2000000029802322,0.2000000029802322,0.0
2025-03-04,0.2000000029802322,0.2000000029802322,0.2000000029802322,0.2000000029802322,0.0
2025-03-05,0.2000000029802322,0.2000000029802322,0.2000000029802322,0.2000000029802322,0.0
2025-03-06,0.2000000029802322,0.2000000029802322,0.2000000029802322,0.2000000029802322,0.0
2025-03-07,0.2000000029802322,0.2000000029802322,0.2000000029802322,0.2000000029802322,0.0
2025-03-10,0.2000000029802322,0.2000000029802322,0.2000000029802322,0.2000000029802322,300.0
2025-03-11,0.1700000017881393,0.1700000017881393,0.1700000017881393,0.1700000017881393,3000.0
2025-03-12,0.1700000017881393,0.1700000017881393,0.1700000017881393,0.1700000017881393,0.0
2025-03-13,0.1700000017881393,0.1700000017881393,0.1700000017881393,0.1700000017881393,0.0
2025-03-14,0.1700000017881393,0.1700000017881393,0.1700000017881393,0.1700000017881393,500.0
2025-03-17,0.1700000017881393,0.1700000017881393,0.1700000017881393,0.1700000017881393,0.0
2025-03-18,0.1700000017881393,0.1700000017881393,0.1700000017881393,0.1700000017881393,0.0
2025-03-19,0.1700000017881393,0.1700000017881393,0.1700000017881393,0.1700000017881393,0.0
2025-03-20,0.1700000017881393,0.1700000017881393,0.1700000017881393,0.1700000017881393,0.0
2025-03-21,0.1700000017881393,0.1700000017881393,0.1700000017881393,0.1700000017881393,0.0
2025-03-24,0.1700000017881393,0.1700000017881393,0.1700000017881393,0.1700000017881393,0.0
2025-03-25,0.1700000017881393,0.1700000017881393,0.1700000017881393,0.1700000017881393,0.0
2025-03-26,0.1700000017881393,0.1700000017881393,0.1700000017881393,0.1700000017881393,0.0
2025-03-27,0.1700000017881393,0.1700000017881393,0.1700000017881393,0.1700000017881393,0.0
2025-03-28,0.1700000017881393,0.1700000017881393,0.1700000017881393,0.1700000017881393,0.0
2025-04-01,0.1700000017881393,0.1700000017881393,0.1700000017881393,0.1700000017881393,0.0
2025-04-02,0.1700000017881393,0.1700000017881393,0.1700000017881393,0.1700000017881393,0.0
2025-04-03,0.1700000017881393,0.1700000017881393,0.1700000017881393,0.1700000017881393,0.0
2025-04-04,0.1700000017881393,0.1700000017881393,0.1700000017881393,0.1700000017881393,0.0
2025-04-07,0.1700000017881393,0.1700000017881393,0.1700000017881393,0.1700000017881393,0.0
2025-04-08,0.1700000017881393,0.1700000017881393,0.1700000017881393,0.1700000017881393,0.0
2025-04-09,0.1700000017881393,0.1700000017881393,0.1700000017881393,0.1700000017881393,0.0
2025-04-10,0.1700000017881393,0.1700000017881393,0.1700000017881393,0.1700000017881393,0.0
2025-04-11,0.1700000017881393,0.1700000017881393,0.1700000017881393,0.1700000017881393,0.0
2025-04-14,0.1700000017881393,0.1700000017881393,0.1700000017881393,0.1700000017881393,0.0
2025-04-15,0.1700000017881393,0.1700000017881393,0.1700000017881393,0.1700000017881393,0.0
2025-04-16,0.1700000017881393,0.1700000017881393,0.1700000017881393,0.1700000017881393,0.0
2025-04-17,0.1700000017881393,0.1700000017881393,0.1700000017881393,0.1700000017881393,0.0
2025-04-21,0.1700000017881393,0.1700000017881393,0.1700000017881393,0.1700000017881393,0.0
2025-04-22,0.1700000017881393,0.1700000017881393,0.1700000017881393,0.1700000017881393,0.0
2025-04-23,0.1700000017881393,0.1700000017881393,0.1700000017881393,0.1700000017881393,0.0
2025-04-24,0.1700000017881393,0.1700000017881393,0.1700000017881393,0.1700000017881393,0.0
2025-04-25,0.1700000017881393,0.1700000017881393,0.1700000017881393,0.1700000017881393,0.0
2025-04-28,0.1700000017881393,0.1700000017881393,0.1700000017881393,0.1700000017881393,0.0
2025-04-29,0.1700000017881393,0.1700000017881393,0.1700000017881393,0.1700000017881393,0.0
2025-04-30,0.1700000017881393,0.1700000017881393,0.1700000017881393,0.1700000017881393,0.0
2025-05-02,0.1700000017881393,0.1700000017881393,0.1700000017881393,0.1700000017881393,0.0
2025-05-05,0.1400000005960464,0.1400000005960464,0.1400000005960464,0.1400000005960464,2000.0
2025-05-06,0.1599999964237213,0.1599999964237213,0.1599999964237213,0.1599999964237213,3000.0
2025-05-07,0.1599999964237213,0.1599999964237213,0.1599999964237213,0.1599999964237213,0.0
2025-05-08,0.1599999964237213,0.1599999964237213,0.1599999964237213,0.1599999964237213,0.0
2025-05-09,0.1599999964237213,0.1599999964237213,0.1599999964237213,0.1599999964237213,0.0
2025-05-13,0.1599999964237213,0.1599999964237213,0.1599999964237213,0.1599999964237213,0.0
2025-05-14,0.1599999964237213,0.1599999964237213,0.1599999964237213,0.1599999964237213,0.0
2025-05-15,0.1599999964237213,0.1599999964237213,0.1599999964237213,0.1599999964237213,0.0
2025-05-16,0.1599999964237213,0.1599999964237213,0.1599999964237213,0.1599999964237213,0.0
2025-05-19,0.1599999964237213,0.1599999964237213,0.1599999964237213,0.1599999964237213,0.0
2025-05-20,0.1599999964237213,0.1599999964237213,0.1599999964237213,0.1599999964237213,0.0
2025-05-21,0.1599999964237213,0.1599999964237213,0.1599999964237213,0.1599999964237213,0.0
2025-05-22,0.1599999964237213,0.1599999964237213,0.1599999964237213,0.1599999964237213,0.0
2025-05-23,0.1599999964237213,0.1599999964237213,0.1599999964237213,0.1599999964237213,0.0
2025-05-26,0.1599999964237213,0.1599999964237213,0.1599999964237213,0.1599999964237213,0.0
2025-05-27,0.1599999964237213,0.1599999964237213,0.1599999964237213,0.1599999964237213,0.0
2025-05-28,0.1599999964237213,0.1599999964237213,0.1599999964237213,0.1599999964237213,0.0
2025-05-29,0.1599999964237213,0.1599999964237213,0.1599999964237213,0.1599999964237213,5000.0
2025-05-30,0.1599999964237213,0.1599999964237213,0.1599999964237213,0.1599999964237213,0.0
2025-06-02,0.1599999964237213,0.1599999964237213,0.1599999964237213,0.1599999964237213,0.0
2025-06-03,0.1599999964237213,0.1599999964237213,0.1599999964237213,0.1599999964237213,0.0
2025-06-04,0.1599999964237213,0.1599999964237213,0.1599999964237213,0.1599999964237213,0.0
2025-06-05,0.1599999964237213,0.1599999964237213,0.1599999964237213,0.1599999964237213,0.0
2025-06-06,0.1599999964237213,0.1599999964237213,0.1599999964237213,0.1599999964237213,0.0
2025-06-09,0.1599999964237213,0.1599999964237213,0.1599999964237213,0.1599999964237213,0.0
2025-06-10,0.1599999964237213,0.1599999964237213,0.1599999964237213,0.1599999964237213,0.0
2025-06-11,0.1599999964237213,0.1599999964237213,0.1599999964237213,0.1599999964237213,0.0
2025-06-12,0.1599999964237213,0.1599999964237213,0.1599999964237213,0.1599999964237213,0.0
2025-06-13,0.1599999964237213,0.1599999964237213,0.1599999964237213,0.1599999964237213,0.0
2025-06-16,0.1599999964237213,0.1599999964237213,0.1599999964237213,0.1599999964237213,100.0
2025-06-17,0.1599999964237213,0.1599999964237213,0.1599999964237213,0.1599999964237213,0.0
2025-06-18,0.1599999964237213,0.1599999964237213,0.1599999964237213,0.1599999964237213,100.0
2025-06-19,0.1599999964237213,0.1599999964237213,0.1599999964237213,0.1599999964237213,0.0
2025-06-20,0.1599999964237213,0.1599999964237213,0.1599999964237213,0.1599999964237213,0.0
2025-06-23,0.1599999964237213,0.1599999964237213,0.1599999964237213,0.1599999964237213,0.0
2025-06-24,0.135000005364418,0.135000005364418,0.1299999952316284,0.1299999952316284,2000.0
2025-06-25,0.1299999952316284,0.1299999952316284,0.1299999952316284,0.1299999952316284,0.0
2025-06-26,0.1299999952316284,0.1299999952316284,0.1299999952316284,0.1299999952316284,0.0
2025-06-27,0.1299999952316284,0.1299999952316284,0.1299999952316284,0.1299999952316284,0.0
2025-06-30,0.1299999952316284,0.1299999952316284,0.1299999952316284,0.1299999952316284,0.0
2025-07-01,0.1700000017881393,0.1700000017881393,0.1700000017881393,0.1700000017881393,5500.0
2025-07-02,0.2000000029802322,0.2000000029802322,0.2000000029802322,0.2000000029802322,6000.0
2025-07-03,0.2000000029802322,0.2000000029802322,0.2000000029802322,0.2000000029802322,2000.0
2025-07-04,0.2000000029802322,0.2000000029802322,0.2000000029802322,0.2000000029802322,5000.0
2025-07-07,0.2300000041723251,0.2300000041723251,0.2300000041723251,0.2300000041723251,16800.0
2025-07-08,0.2349999994039535,0.2349999994039535,0.2300000041723251,0.2300000041723251,11500.0
2025-07-09,0.2300000041723251,0.2300000041723251,0.2300000041723251,0.2300000041723251,0.0
2025-07-10,0.2249999940395355,0.2249999940395355,0.2249999940395355,0.2249999940395355,1600.0
2025-07-11,0.2249999940395355,0.2249999940395355,0.2249999940395355,0.2249999940395355,0.0
2025-07-14,0.2249999940395355,0.2249999940395355,0.2249999940395355,0.2249999940395355,0.0
2025-07-15,0.2300000041723251,0.2300000041723251,0.2300000041723251,0.2300000041723251,1000.0
2025-07-16,0.2300000041723251,0.2300000041723251,0.2300000041723251,0.2300000041723251,0.0
2025-07-17,0.2349999994039535,0.2349999994039535,0.2349999994039535,0.2349999994039535,4100.0
2025-07-18,0.2349999994039535,0.2399999946355819,0.2349999994039535,0.2399999946355819,4400.0
2025-07-21,0.2399999946355819,0.2399999946355819,0.2399999946355819,0.2399999946355819,0.0
2025-07-22,0.2399999946355819,0.2399999946355819,0.2399999946355819,0.2399999946355819,0.0
2025-07-23,0.2399999946355819,0.2399999946355819,0.2399999946355819,0.2399999946355819,5600.0
2025-07-24,0.2399999946355819,0.2399999946355819,0.2399999946355819,0.2399999946355819,4000.0
2025-07-25,0.2399999946355819,0.2399999946355819,0.2399999946355819,0.2399999946355819,0.0
2025-07-28,0.2399999946355819,0.2399999946355819,0.2399999946355819,0.2399999946355819,0.0
2025-07-29,0.2399999946355819,0.2399999946355819,0.2399999946355819,0.2399999946355819,0.0
2025-07-30,0.2399999946355819,0.2399999946355819,0.2399999946355819,0.2399999946355819,0.0
2025-07-31,0.2399999946355819,0.2399999946355819,0.2399999946355819,0.2399999946355819,0.0
2025-08-01,0.2399999946355819,0.2399999946355819,0.2399999946355819,0.2399999946355819,0.0
2025-08-04,0.2399999946355819,0.2399999946355819,0.2399999946355819,0.2399999946355819,0.0
2025-08-05,0.2399999946355819,0.2399999946355819,0.2399999946355819,0.2399999946355819,0.0
2025-08-06,0.2300000041723251,0.2300000041723251,0.209999993443489,0.209999993443489,79100.0
2025-08-07,0.209999993443489,0.209999993443489,0.209999993443489,0.209999993443489,0.0
2025-08-08,0.209999993443489,0.209999993443489,0.209999993443489,0.209999993443489,0.0
2025-08-11,0.209999993443489,0.209999993443489,0.209999993443489,0.209999993443489,0.0
2025-08-12,0.209999993443489,0.209999993443489,0.209999993443489,0.209999993443489,0.0
2025-08-13,0.209999993443489,0.209999993443489,0.209999993443489,0.209999993443489,0.0
2025-08-14,0.209999993443489,0.209999993443489,0.209999993443489,0.209999993443489,0.0
2025-08-15,0.209999993443489,0.209999993443489,0.209999993443489,0.209999993443489,0.0
2025-08-18,0.209999993443489,0.209999993443489,0.209999993443489,0.209999993443489,0.0
2025-08-19,0.209999993443489,0.209999993443489,0.209999993443489,0.209999993443489,0.0
2025-08-20,0.2049999982118606,0.2049999982118606,0.2000000029802322,0.2049999982118606,45000.0
2025-08-21,0.2049999982118606,0.2049999982118606,0.2049999982118606,0.2049999982118606,0.0
2025-08-22,0.2049999982118606,0.2049999982118606,0.2049999982118606,0.2049999982118606,0.0
2025-08-25,0.2049999982118606,0.2049999982118606,0.2049999982118606,0.2049999982118606,0.0
2025-08-26,0.2049999982118606,0.2049999982118606,0.2049999982118606,0.2049999982118606,0.0
2025-08-27,0.2049999982118606,0.2049999982118606,0.2049999982118606,0.2049999982118606,0.0
2025-08-28,0.2199999988079071,0.2199999988079071,0.2199999988079071,0.2199999988079071,10000.0
2025-08-29,0.2199999988079071,0.2199999988079071,0.2199999988079071,0.2199999988079071,0.0
2025-09-01,0.2199999988079071,0.2199999988079071,0.2199999988079071,0.2199999988079071,0.0
2025-09-02,0.2199999988079071,0.2199999988079071,0.2199999988079071,0.2199999988079071,0.0
2025-09-03,0.2199999988079071,0.2199999988079071,0.2199999988079071,0.2199999988079071,0.0
2025-09-04,0.2199999988079071,0.2199999988079071,0.2199999988079071,0.2199999988079071,0.0
2025-09-05,0.2199999988079071,0.2199999988079071,0.2199999988079071,0.2199999988079071,0.0
2025-09-08,0.2199999988079071,0.2199999988079071,0.2199999988079071,0.2199999988079071,0.0
2025-09-09,0.2199999988079071,0.2199999988079071,0.2199999988079071,0.2199999988079071,0.0
2025-09-10,0.2199999988079071,0.2199999988079071,0.2199999988079071,0.2199999988079071,0.0
2025-09-11,0.2199999988079071,0.2199999988079071,0.2199999988079071,0.2199999988079071,0.0
2025-09-12,0.2199999988079071,0.2199999988079071,0.2199999988079071,0.2199999988079071,0.0
2025-09-15,0.2199999988079071,0.2199999988079071,0.2199999988079071,0.2199999988079071,0.0
2025-09-16,0.2199999988079071,0.2199999988079071,0.2199999988079071,0.2199999988079071,3000.0
2025-09-17,0.2199999988079071,0.2199999988079071,0.2199999988079071,0.2199999988079071,0.0
2025-09-18,0.2199999988079071,0.2199999988079071,0.2199999988079071,0.2199999988079071,0.0
2025-09-19,0.2199999988079071,0.2199999988079071,0.2199999988079071,0.2199999988079071,0.0
2025-09-22,0.2000000029802322,0.2000000029802322,0.2000000029802322,0.2000000029802322,2500.0
2025-09-23,0.2000000029802322,0.2000000029802322,0.2000000029802322,0.2000000029802322,0.0
2025-09-24,0.2000000029802322,0.2000000029802322,0.2000000029802322,0.2000000029802322,0.0
2025-09-25,0.2000000029802322,0.2000000029802322,0.2000000029802322,0.2000000029802322,0.0
2025-09-26,0.2199999988079071,0.2199999988079071,0.2199999988079071,0.2199999988079071,10000.0
2025-09-29,0.2199999988079071,0.2199999988079071,0.2199999988079071,0.2199999988079071,6000.0
2025-09-30,0.2199999988079071,0.2199999988079071,0.2199999988079071,0.2199999988079071,0.0
2025-10-01,0.2199999988079071,0.2199999988079071,0.2199999988079071,0.2199999988079071,0.0
2025-10-02,0.2199999988079071,0.2199999988079071,0.2199999988079071,0.2199999988079071,0.0
2025-10-03,0.2199999988079071,0.2199999988079071,0.2199999988079071,0.2199999988079071,0.0
2025-10-06,0.2199999988079071,0.2199999988079071,0.2199999988079071,0.2199999988079071,0.0
2025-10-07,0.2199999988079071,0.2199999988079071,0.2199999988079071,0.2199999988079071,0.0
2025-10-08,0.209999993443489,0.209999993443489,0.2000000029802322,0.2000000029802322,30400.0
2025-10-09,0.2000000029802322,0.2000000029802322,0.2000000029802322,0.2000000029802322,0.0
2025-10-10,0.2000000029802322,0.2000000029802322,0.2000000029802322,0.2000000029802322,0.0
2025-10-13,0.2000000029802322,0.2000000029802322,0.2000000029802322,0.2000000029802322,0.0
2025-10-14,0.2000000029802322,0.2000000029802322,0.2000000029802322,0.2000000029802322,0.0
2025-10-15,0.1909999996423721,0.1909999996423721,0.1909999996423721,0.1909999996423721,1000.0
2025-10-16,0.1909999996423721,0.1909999996423721,0.1909999996423721,0.1909999996423721,0.0
2025-10-17,0.2300000041723251,0.2300000041723251,0.2300000041723251,0.2300000041723251,1000.0
2025-10-21,0.2300000041723251,0.2300000041723251,0.2000000029802322,0.2000000029802322,51700.0
2025-10-22,0.2000000029802322,0.2000000029802322,0.2000000029802322,0.2000000029802322,0.0
2025-10-23,0.2000000029802322,0.2000000029802322,0.2000000029802322,0.2000000029802322,0.0
2025-10-24,0.2000000029802322,0.2000000029802322,0.2000000029802322,0.2000000029802322,0.0
2025-10-27,0.2000000029802322,0.2000000029802322,0.2000000029802322,0.2000000029802322,0.0
2025-10-28,0.2000000029802322,0.2000000029802322,0.2000000029802322,0.2000000029802322,0.0
2025-10-29,0.2000000029802322,0.2000000029802322,0.2000000029802322,0.2000000029802322,0.0
2025-10-30,0.2000000029802322,0.2000000029802322,0.2000000029802322,0.2000000029802322,0.0
2025-10-31,0.2000000029802322,0.2000000029802322,0.2000000029802322,0.2000000029802322,0.0
2025-11-03,0.2000000029802322,0.2000000029802322,0.2000000029802322,0.2000000029802322,0.0
2025-11-04,0.1909999996423721,0.1909999996423721,0.1909999996423721,0.1909999996423721,700.0
2025-11-05,0.1909999996423721,0.1909999996423721,0.1909999996423721,0.1909999996423721,0.0
2025-11-06,0.1909999996423721,0.1909999996423721,0.1909999996423721,0.1909999996423721,0.0
2025-11-07,0.1909999996423721,0.1909999996423721,0.1909999996423721,0.1909999996423721,0.0
2025-11-10,0.1909999996423721,0.1909999996423721,0.1909999996423721,0.1909999996423721,0.0
2025-11-11,0.1909999996423721,0.1909999996423721,0.1909999996423721,0.1909999996423721,0.0
2025-11-12,0.1959999948740005,0.1959999948740005,0.1959999948740005,0.1959999948740005,900.0
2025-11-13,0.1959999948740005,0.1959999948740005,0.1959999948740005,0.1959999948740005,0.0
2025-11-14,0.1959999948740005,0.1959999948740005,0.1959999948740005,0.1959999948740005,0.0
2025-11-17,0.1959999948740005,0.1959999948740005,0.1959999948740005,0.1959999948740005,0.0
2025-11-18,0.1959999948740005,0.1959999948740005,0.1959999948740005,0.1959999948740005,0.0
2025-11-19,0.1959999948740005,0.1959999948740005,0.1959999948740005,0.1959999948740005,0.0
2025-11-20,0.1959999948740005,0.1959999948740005,0.1959999948740005,0.1959999948740005,0.0
2025-11-21,0.1959999948740005,0.1959999948740005,0.1959999948740005,0.1959999948740005,0.0
2025-11-24,0.1959999948740005,0.1959999948740005,0.1959999948740005,0.1959999948740005,0.0
2025-11-25,0.1959999948740005,0.1959999948740005,0.1959999948740005,0.1959999948740005,0.0
2025-11-26,0.1959999948740005,0.1959999948740005,0.1959999948740005,0.1959999948740005,0.0
2025-11-27,0.1959999948740005,0.1959999948740005,0.1959999948740005,0.1959999948740005,0.0
2025-11-28,0.1959999948740005,0.1959999948740005,0.1959999948740005,0.1959999948740005,0.0
2025-12-01,0.1959999948740005,0.1959999948740005,0.1959999948740005,0.1959999948740005,0.0
2025-12-02,0.1959999948740005,0.1959999948740005,0.1959999948740005,0.1959999948740005,0.0
2025-12-03,0.1959999948740005,0.1959999948740005,0.1959999948740005,0.1959999948740005,0.0
2025-12-04,0.1959999948740005,0.1959999948740005,0.1959999948740005,0.1959999948740005,0.0
2025-12-05,0.1990000009536743,0.1990000009536743,0.1899999976158142,0.1899999976158142,3000.0
2025-12-08,0.1899999976158142,0.1899999976158142,0.1899999976158142,0.1899999976158142,0.0
2025-12-09,0.1899999976158142,0.1899999976158142,0.1899999976158142,0.1899999976158142,0.0
2025-12-10,0.1899999976158142,0.1899999976158142,0.1899999976158142,0.1899999976158142,0.0
2025-12-11,0.1899999976158142,0.1899999976158142,0.1899999976158142,0.1899999976158142,0.0
2025-12-12,0.1899999976158142,0.1899999976158142,0.1899999976158142,0.1899999976158142,0.0
2025-12-15,0.1899999976158142,0.1899999976158142,0.1899999976158142,0.1899999976158142,0.0
2025-12-16,0.2399999946355819,0.2399999946355819,0.2399999946355819,0.2399999946355819,1000.0
2025-12-17,0.2399999946355819,0.2399999946355819,0.2399999946355819,0.2399999946355819,0.0
2025-12-18,0.2399999946355819,0.2399999946355819,0.2399999946355819,0.2399999946355819,0.0
2025-12-19,0.2399999946355819,0.2399999946355819,0.2399999946355819,0.2399999946355819,0.0
2025-12-22,0.2399999946355819,0.2399999946355819,0.2399999946355819,0.2399999946355819,0.0
2025-12-23,0.2399999946355819,0.2399999946355819,0.2399999946355819,0.2399999946355819,0.0
2025-12-24,0.2399999946355819,0.2399999946355819,0.2399999946355819,0.2399999946355819,0.0
2025-12-26,0.2399999946355819,0.2399999946355819,0.2399999946355819,0.2399999946355819,0.0
2025-12-29,0.2399999946355819,0.2399999946355819,0.2399999946355819,0.2399999946355819,0.0
2025-12-30,0.2399999946355819,0.2399999946355819,0.2399999946355819,0.2399999946355819,0.0
2025-12-31,0.2399999946355819,0.2399999946355819,0.2399999946355819,0.2399999946355819,0.0
2026-01-02,0.2399999946355819,0.2399999946355819,0.2399999946355819,0.2399999946355819,0.0
2026-01-05,0.2399999946355819,0.2399999946355819,0.2399999946355819,0.2399999946355819,0.0
2026-01-06,0.2399999946355819,0.2399999946355819,0.2399999946355819,0.2399999946355819,0.0
2026-01-07,0.2399999946355819,0.2399999946355819,0.2399999946355819,0.2399999946355819,0.0
2026-01-08,0.2399999946355819,0.2399999946355819,0.2399999946355819,0.2399999946355819,0.0
2026-01-09,0.2399999946355819,0.2399999946355819,0.2399999946355819,0.2399999946355819,0.0
2026-01-12,0.2399999946355819,0.2399999946355819,0.2399999946355819,0.2399999946355819,0.0
2026-01-13,0.2000000029802322,0.2000000029802322,0.2000000029802322,0.2000000029802322,40000.0
2026-01-14,0.2000000029802322,0.2000000029802322,0.2000000029802322,0.2000000029802322,0.0
2026-01-15,0.2000000029802322,0.2000000029802322,0.2000000029802322,0.2000000029802322,0.0
2026-01-16,0.2000000029802322,0.2000000029802322,0.2000000029802322,0.2000000029802322,0.0
2026-01-19,0.2000000029802322,0.2000000029802322,0.2000000029802322,0.2000000029802322,0.0
2026-01-20,0.2000000029802322,0.2000000029802322,0.2000000029802322,0.2000000029802322,0.0
2026-01-21,0.2000000029802322,0.2000000029802322,0.2000000029802322,0.2000000029802322,0.0
2026-01-22,0.2000000029802322,0.2000000029802322,0.2000000029802322,0.2000000029802322,0.0
2026-01-23,0.2000000029802322,0.2000000029802322,0.2000000029802322,0.2000000029802322,0.0
2026-01-26,0.2000000029802322,0.2000000029802322,0.2000000029802322,0.2000000029802322,0.0
2026-01-27,0.2000000029802322,0.2000000029802322,0.2000000029802322,0.2000000029802322,0.0
2026-01-28,0.2000000029802322,0.2000000029802322,0.2000000029802322,0.2000000029802322,0.0
2026-01-29,0.2000000029802322,0.2000000029802322,0.2000000029802322,0.2000000029802322,0.0
2026-01-30,0.2000000029802322,0.2000000029802322,0.2000000029802322,0.2000000029802322,0.0
2026-02-02,0.2000000029802322,0.2000000029802322,0.2000000029802322,0.2000000029802322,0.0
2026-02-03,0.2000000029802322,0.2000000029802322,0.2000000029802322,0.2000000029802322,0.0
2026-02-04,0.2000000029802322,0.2000000029802322,0.2000000029802322,0.2000000029802322,0.0
2026-02-05,0.2000000029802322,0.2000000029802322,0.2000000029802322,0.2000000029802322,0.0
2026-02-06,0.2000000029802322,0.2000000029802322,0.2000000029802322,0.2000000029802322,0.0
2026-02-09,0.2000000029802322,0.2000000029802322,0.2000000029802322,0.2000000029802322,0.0
2026-02-10,0.2000000029802322,0.2000000029802322,0.2000000029802322,0.2000000029802322,0.0
2026-02-11,0.2000000029802322,0.2000000029802322,0.2000000029802322,0.2000000029802322,0.0
2026-02-12,0.2000000029802322,0.2000000029802322,0.2000000029802322,0.2000000029802322,0.0
2026-02-13,0.2000000029802322,0.2000000029802322,0.2000000029802322,0.2000000029802322,0.0
2026-02-16,0.2000000029802322,0.2000000029802322,0.2000000029802322,0.2000000029802322,0.0
2026-02-19,0.2000000029802322,0.2000000029802322,0.2000000029802322,0.2000000029802322,0.0
2026-02-20,0.2000000029802322,0.2000000029802322,0.2000000029802322,0.2000000029802322,0.0
2026-02-23,0.2000000029802322,0.2000000029802322,0.2000000029802322,0.2000000029802322,0.0
2026-02-24,0.2000000029802322,0.2000000029802322,0.2000000029802322,0.2000000029802322,0.0
2026-02-25,0.2000000029802322,0.2000000029802322,0.2000000029802322,0.2000000029802322,0.0
2026-02-26,0.2000000029802322,0.2000000029802322,0.2000000029802322,0.2000000029802322,0.0
2026-02-27,0.2000000029802322,0.2000000029802322,0.2000000029802322,0.2000000029802322,0.0
2026-03-02,0.2000000029802322,0.2000000029802322,0.2000000029802322,0.2000000029802322,0.0
2026-03-03,0.2000000029802322,0.2000000029802322,0.2000000029802322,0.2000000029802322,0.0
2026-03-04,0.2000000029802322,0.2000000029802322,0.2000000029802322,0.2000000029802322,0.0
2026-03-05,0.1400000005960464,0.1400000005960464,0.1400000005960464,0.1400000005960464,3000.0
2026-03-06,0.1400000005960464,0.1400000005960464,0.1400000005960464,0.1400000005960464,0.0
2026-03-09,0.2150000035762787,0.2249999940395355,0.2150000035762787,0.2199999988079071,13200.0
2026-03-10,0.2199999988079071,0.2199999988079071,0.2199999988079071,0.2199999988079071,0.0
2026-03-11,0.2199999988079071,0.2199999988079071,0.2199999988079071,0.2199999988079071,0.0
2026-03-12,0.2199999988079071,0.2199999988079071,0.2199999988079071,0.2199999988079071,0.0
2026-03-13,0.2199999988079071,0.2199999988079071,0.2199999988079071,0.2199999988079071,0.0
2026-03-16,0.2199999988079071,0.2199999988079071,0.2199999988079071,0.2199999988079071,0.0
2026-03-17,0.2199999988079071,0.2199999988079071,0.2199999988079071,0.2199999988079071,0.0
2026-03-18,0.2199999988079071,0.2199999988079071,0.2199999988079071,0.2199999988079071,0.0
2026-03-19,0.2199999988079071,0.2199999988079071,0.2199999988079071,0.2199999988079071,0.0
2026-03-20,0.2199999988079071,0.2199999988079071,0.2199999988079071,0.2199999988079071,0.0
2026-03-23,0.2199999988079071,0.2199999988079071,0.2199999988079071,0.2199999988079071,0.0
2026-03-24,0.2199999988079071,0.2199999988079071,0.2199999988079071,0.2199999988079071,0.0
2026-03-25,0.2199999988079071,0.2199999988079071,0.2199999988079071,0.2199999988079071,0.0
2026-03-26,0.2199999988079071,0.2199999988079071,0.2199999988079071,0.2199999988079071,0.0
2026-03-27,0.2199999988079071,0.2199999988079071,0.2199999988079071,0.2199999988079071,0.0
2026-03-30,0.2199999988079071,0.2199999988079071,0.2199999988079071,0.2199999988079071,0.0
2026-03-31,0.2199999988079071,0.2199999988079071,0.2199999988079071,0.2199999988079071,0.0
2026-04-01,0.2199999988079071,0.2199999988079071,0.2199999988079071,0.2199999988079071,0.0
2026-04-02,0.2199999988079071,0.2199999988079071,0.2199999988079071,0.2199999988079071,0.0
2026-04-06,0.2199999988079071,0.2199999988079071,0.2199999988079071,0.2199999988079071,0.0
2026-04-07,0.2199999988079071,0.2199999988079071,0.2199999988079071,0.2199999988079071,0.0
2026-04-08,0.2199999988079071,0.2199999988079071,0.2199999988079071,0.2199999988079071,0.0
2026-04-09,0.2199999988079071,0.2199999988079071,0.2199999988079071,0.2199999988079071,0.0
2026-04-10,0.2199999988079071,0.2199999988079071,0.2199999988079071,0.2199999988079071,0.0
2026-04-13,0.2199999988079071,0.2199999988079071,0.2199999988079071,0.2199999988079071,0.0
2026-04-14,0.2199999988079071,0.2199999988079071,0.2199999988079071,0.2199999988079071,0.0
2026-04-15,0.2199999988079071,0.2199999988079071,0.2199999988079071,0.2199999988079071,0.0
2026-04-16,0.2199999988079071,0.2199999988079071,0.2199999988079071,0.2199999988079071,0.0
2026-04-17,0.2199999988079071,0.2199999988079071,0.2199999988079071,0.2199999988079071,0.0
2026-04-20,0.2199999988079071,0.2199999988079071,0.2199999988079071,0.2199999988079071,0.0
2026-04-21,0.2199999988079071,0.2199999988079071,0.2199999988079071,0.2199999988079071,0.0
2026-04-22,0.2199999988079071,0.2199999988079071,0.2199999988079071,0.2199999988079071,0.0
2026-04-23,0.2199999988079071,0.2199999988079071,0.2199999988079071,0.2199999988079071,0.0
2026-04-24,0.2199999988079071,0.2199999988079071,0.2199999988079071,0.2199999988079071,0.0
2026-04-27,0.2199999988079071,0.2199999988079071,0.2199999988079071,0.2199999988079071,0.0
2026-04-28,0.2199999988079071,0.2199999988079071,0.2199999988079071,0.2199999988079071,0.0
2026-04-29,0.2199999988079071,0.2199999988079071,0.2199999988079071,0.2199999988079071,0.0
2026-04-30,0.2199999988079071,0.2199999988079071,0.2199999988079071,0.2199999988079071,0.0
2026-05-01,0.2199999988079071,0.2199999988079071,0.2199999988079071,0.2199999988079071,0.0
2026-05-04,0.2199999988079071,0.2199999988079071,0.2199999988079071,0.2199999988079071,0.0
2026-05-05,0.2199999988079071,0.2199999988079071,0.2199999988079071,0.2199999988079071,0.0
2026-05-06,0.2199999988079071,0.2199999988079071,0.2199999988079071,0.2199999988079071,0.0
2026-05-07,0.2199999988079071,0.2199999988079071,0.2199999988079071,0.2199999988079071,0.0
2026-05-08,0.2199999988079071,0.2199999988079071,0.2199999988079071,0.2199999988079071,0.0
2026-05-11,0.2199999988079071,0.2199999988079071,0.2199999988079071,0.2199999988079071,0.0
2026-05-12,0.2199999988079071,0.2199999988079071,0.2199999988079071,0.2199999988079071,0.0
2026-05-13,0.2199999988079071,0.2199999988079071,0.2199999988079071,0.2199999988079071,0.0
2026-05-14,0.2199999988079071,0.2199999988079071,0.2199999988079071,0.2199999988079071,0.0
2026-05-15,0.2199999988079071,0.2199999988079071,0.2199999988079071,0.2199999988079071,0.0
2026-05-18,0.1500000059604644,0.1500000059604644,0.1500000059604644,0.1500000059604644,2600.0
2026-05-19,0.1500000059604644,0.1500000059604644,0.1500000059604644,0.1500000059604644,0.0
2026-05-20,0.1500000059604644,0.1500000059604644,0.1500000059604644,0.1500000059604644,0.0
2026-05-21,0.1500000059604644,0.1500000059604644,0.1500000059604644,0.1500000059604644,0.0
2026-05-22,0.1500000059604644,0.1500000059604644,0.1500000059604644,0.1500000059604644,0.0
2026-05-25,0.1500000059604644,0.1500000059604644,0.1500000059604644,0.1500000059604644,0.0
2026-05-26,0.1500000059604644,0.1500000059604644,0.1500000059604644,0.1500000059604644,0.0
2026-05-27,0.1500000059604644,0.1500000059604644,0.1500000059604644,0.1500000059604644,0.0
2026-05-28,0.1500000059604644,0.1500000059604644,0.1500000059604644,0.1500000059604644,0.0
2026-05-29,0.1500000059604644,0.1500000059604644,0.1500000059604644,0.1500000059604644,0.0
2026-06-01,0.1500000059604644,0.1500000059604644,0.1500000059604644,0.1500000059604644,0.0
2026-06-02,0.1509999930858612,0.1509999930858612,0.1509999930858612,0.1509999930858612,10000.0
2026-06-03,0.2150000035762787,0.2150000035762787,0.2150000035762787,0.2150000035762787,2600.0
2026-06-04,0.209999993443489,0.209999993443489,0.209999993443489,0.209999993443489,400.0
2026-06-05,0.209999993443489,0.209999993443489,0.209999993443489,0.209999993443489,0.0
2026-06-08,0.209999993443489,0.209999993443489,0.209999993443489,0.209999993443489,0.0
2026-06-09,0.209999993443489,0.209999993443489,0.209999993443489,0.209999993443489,0.0
2026-06-10,0.209999993443489,0.209999993443489,0.209999993443489,0.209999993443489,0.0
2026-06-11,0.209999993443489,0.209999993443489,0.209999993443489,0.209999993443489,0.0
2026-06-12,0.209999993443489,0.209999993443489,0.209999993443489,0.209999993443489,0.0
2026-06-15,0.209999993443489,0.209999993443489,0.209999993443489,0.209999993443489,0.0
2026-06-16,0.209999993443489,0.209999993443489,0.209999993443489,0.209999993443489,0.0
2026-06-17,0.1749999970197677,0.1829999983310699,0.1749999970197677,0.1829999983310699,9400.0
2026-06-18,0.1749999970197677,0.1749999970197677,0.1509999930858612,0.1509999930858612,3400.0
2026-06-19,0.1509999930858612,0.1509999930858612,0.1509999930858612,0.1509999930858612,0.0
2026-06-22,0.1509999930858612,0.1509999930858612,0.1509999930858612,0.1509999930858612,0.0
2026-06-23,0.1509999930858612,0.1509999930858612,0.1509999930858612,0.1509999930858612,0.0
2026-06-24,0.1509999930858612,0.1509999930858612,0.1509999930858612,0.1509999930858612,0.0
2026-06-25,0.1509999930858612,0.1509999930858612,0.1509999930858612,0.1509999930858612,0.0
2026-06-26,0.1509999930858612,0.1509999930858612,0.1509999930858612,0.1509999930858612,0.0
2026-06-29,0.1509999930858612,0.1509999930858612,0.1509999930858612,0.1509999930858612,0.0
2026-06-30,0.1809999942779541,0.1809999942779541,0.1809999942779541,0.1809999942779541,20000.0
2026-07-01,0.1809999942779541,0.1809999942779541,0.1809999942779541,0.1809999942779541,0.0
2026-07-02,0.1809999942779541,0.1809999942779541,0.1809999942779541,0.1809999942779541,0.0
2026-07-03,0.1809999942779541,0.1809999942779541,0.1809999942779541,0.1809999942779541,0.0
2026-07-06,0.1809999942779541,0.1809999942779541,0.1809999942779541,0.1809999942779541,0.0
2026-07-07,0.1809999942779541,0.1809999942779541,0.1809999942779541,0.1809999942779541,0.0
2026-07-08,0.1809999942779541,0.1809999942779541,0.1809999942779541,0.1809999942779541,0.0
2026-07-09,0.1809999942779541,0.1809999942779541,0.1809999942779541,0.1809999942779541,0.0
2026-07-10,0.1809999942779541,0.1809999942779541,0.1809999942779541,0.1809999942779541,0.0
2026-07-13,0.1809999942779541,0.1809999942779541,0.1809999942779541,0.1809999942779541,0.0
2026-07-14,0.1809999942779541,0.1809999942779541,0.1809999942779541,0.1809999942779541,0.0
2026-07-15,0.1809999942779541,0.1809999942779541,0.1809999942779541,0.1809999942779541,0.0
2026-07-16,0.1809999942779541,0.1809999942779541,0.1809999942779541,0.1809999942779541,0.0
2026-07-17,0.1809999942779541,0.1809999942779541,0.1809999942779541,0.1809999942779541,0.0
2026-07-20,0.1809999942779541,0.1809999942779541,0.1809999942779541,0.1809999942779541,0.0
2026-07-21,0.1809999942779541,0.1809999942779541,0.1809999942779541,0.1809999942779541,0.0
2026-07-22,0.1509999930858612,0.1509999930858612,0.1480000019073486,0.1480000019073486,600.0
2026-07-23,0.135000005364418,0.135000005364418,0.1330000013113021,0.1330000013113021,22100.0
2026-07-24,0.1230000033974647,0.1230000033974647,0.1030000001192092,0.1030000001192092,71000.0
2026-07-27,0.1280000060796737,0.1299999952316284,0.125,0.125,12000.0
2026-07-28,0.125,0.125,0.1199999973177909,0.1199999973177909,3000.0
2026-07-29,0.1199999973177909,0.1199999973177909,0.1199999973177909,0.1199999973177909,0.0
2026-07-30,0.1199999973177909,0.1199999973177909,0.1199999973177909,0.1199999973177909,0.0
2026-07-31,0.1199999973177909,0.1199999973177909,0.1199999973177909,0.1199999973177909,0.0
2026-08-03,0.1199999973177909,0.1199999973177909,0.1199999973177909,0.1199999973177909,0.0
2026-08-04,0.1199999973177909,0.1199999973177909,0.1199999973177909,0.1199999973177909,0.0
2026-08-05,0.1150000020861625,0.1150000020861625,0.1150000020861625,0.1150000020861625,3000.0
2026-08-06,0.1150000020861625,0.1150000020861625,0.1150000020861625,0.1150000020861625,0.0
2026-08-07,0.1150000020861625,0.1150000020861625,0.1150000020861625,0.1150000020861625,0.0
2026-08-10,0.1150000020861625,0.1150000020861625,0.1150000020861625,0.1150000020861625,0.0
2026-08-11,0.1150000020861625,0.1150000020861625,0.1150000020861625,0.1150000020861625,0.0
2026-08-12,0.1150000020861625,0.1150000020861625,0.1150000020861625,0.1150000020861625,0.0
2026-08-13,0.1150000020861625,0.1150000020861625,0.1150000020861625,0.1150000020861625,0.0
2026-08-14,0.1150000020861625,0.1150000020861625,0.1150000020861625,0.1150000020861625,0.0
2026-08-17,0.1150000020861625,0.1150000020861625,0.1150000020861625,0.1150000020861625,0.0
2026-08-18,0.1150000020861625,0.1150000020861625,0.1150000020861625,0.1150000020861625,2000.0
2026-08-19,0.1150000020861625,0.1150000020861625,0.1150000020861625,0.1150000020861625,0.0
2026-08-20,0.1150000020861625,0.1150000020861625,0.1150000020861625,0.1150000020861625,0.0
2026-08-21,0.1150000020861625,0.1150000020861625,0.1150000020861625,0.1150000020861625,0.0
2026-08-24,0.1150000020861625,0.1150000020861625,0.1150000020861625,0.1150000020861625,0.0
2026-08-25,0.1150000020861625,0.1150000020861625,0.1150000020861625,0.1150000020861625,0.0
2026-08-26,0.1150000020861625,0.1150000020861625,0.1150000020861625,0.1150000020861625,0.0
2026-08-27,0.1150000020861625,0.1150000020861625,0.1150000020861625,0.1150000020861625,0.0
2026-08-28,0.1150000020861625,0.1150000020861625,0.1150000020861625,0.1150000020861625,0.0
2026-08-31,0.1150000020861625,0.1150000020861625,0.1150000020861625,0.1150000020861625,0.0
2026-09-01,0.1150000020861625,0.1150000020861625,0.1150000020861625,0.1150000020861625,0.0
2026-09-02,0.1150000020861625,0.1150000020861625,0.1150000020861625,0.1150000020861625,0.0
2026-09-03,0.1150000020861625,0.1150000020861625,0.1150000020861625,0.1150000020861625,0.0
2026-09-04,0.1150000020861625,0.1150000020861625,0.1150000020861625,0.1150000020861625,0.0
2026-09-07,0.1150000020861625,0.1150000020861625,0.1150000020861625,0.1150000020861625,0.0
2026-09-08,0.1150000020861625,0.1150000020861625,0.1150000020861625,0.1150000020861625,0.0
2026-09-09,0.1150000020861625,0.1150000020861625,0.1150000020861625,0.1150000020861625,0.0
2026-09-10,0.1150000020861625,0.1150000020861625,0.1150000020861625,0.1150000020861625,0.0
2026-09-11,0.1150000020861625,0.1150000020861625,0.1150000020861625,0.1150000020861625,0.0
2026-09-14,0.1150000020861625,0.1150000020861625,0.1150000020861625,0.1150000020861625,0.0
2026-09-15,0.1150000020861625,0.1150000020861625,0.1150000020861625,0.1150000020861625,0.0
2026-09-16,0.1150000020861625,0.1150000020861625,0.1150000020861625,0.1150000020861625,0.0
2026-09-17,0.1150000020861625,0.1150000020861625,0.1150000020861625,0.1150000020861625,0.0
2026-09-18,0.1150000020861625,0.1150000020861625,0.1150000020861625,0.1150000020861625,0.0
2026-09-21,0.1150000020861625,0.1150000020861625,0.1150000020861625,0.1150000020861625,0.0
2026-09-22,0.1150000020861625,0.1150000020861625,0.1150000020861625,0.1150000020861625,0.0
2026-09-23,0.1150000020861625,0.1150000020861625,0.1150000020861625,0.1150000020861625,0.0
2026-09-24,0.1449999958276748,0.1449999958276748,0.1449999958276748,0.1449999958276748,7000.0
2026-09-25,0.1749999970197677,0.1749999970197677,0.1749999970197677,0.1749999970197677,7000.0
2026-09-28,0.1749999970197677,0.1749999970197677,0.1749999970197677,0.1749999970197677,0.0
2026-09-29,0.1749999970197677,0.1749999970197677,0.1749999970197677,0.1749999970197677,0.0
2026-09-30,0.1749999970197677,0.1749999970197677,0.1749999970197677,0.1749999970197677,0.0
2026-10-01,0.1749999970197677,0.1749999970197677,0.1749999970197677,0.1749999970197677,0.0
2026-10-02,0.1749999970197677,0.1749999970197677,0.1749999970197677,0.1749999970197677,0.0
