ticker,entry_date,exit_date,entry,exit,pnl,ret_pct
D01_SI,2017-06-01,2017-07-03,5.149205207824707,5.053848743438721,-274.3467423176753,-2.7312436281783232
U96_SI,2017-06-01,2017-07-03,1.1807174682617188,1.1548082828521729,-308.43294537126894,-3.070666837351177
A17U_SI,2017-06-01,2017-08-01,1.5615053176879885,1.5851653814315796,60.838292006730626,0.6056647261680219
S59_SI,2017-07-03,2017-08-01,3.1010241508483887,2.7937798500061035,-1049.70953977108,-10.715030329670382
G92_SI,2017-06-01,2017-08-17,1.2821592092514038,1.102731704711914,-1483.0540469744792,-14.764752142669648
H78_SI,2017-06-01,2017-09-04,5.0247111320495605,4.892577648162842,-351.75495396137194,-3.5020803460871366
5E2_SI,2017-07-03,2017-09-04,18.011159896850586,17.194387435913086,-527.5818063487986,-5.390150886273869
B61_SI,2017-08-01,2017-09-04,4.543301105499268,4.466413974761963,-243.7864416904431,-2.573124131262608
Z25_SI,2017-06-01,2017-09-11,1.4244905710220337,1.256002426147461,-1267.4635508000847,-12.617951297751235
C38U_SI,2017-09-04,2017-10-02,1.3589245080947876,1.2954236268997192,-510.0112271451944,-5.5269784131631505
F17_SI,2017-09-04,2017-10-02,1.6882753372192385,1.6594160795211792,-238.98977162832125,-2.590045365959138
J85_SI,2017-09-04,2017-11-01,1.0196046829223633,1.0290164947509766,1.738885910512181,0.018845720208605022
A17U_SI,2017-10-02,2017-11-01,1.5851653814315796,1.6206538677215576,117.29594685548545,1.3227606511446393
G92_SI,2017-10-02,2017-11-01,1.207397699356079,1.3270162343978882,791.1501584771286,8.922403312670674
TQ5_SI,2017-10-02,2017-11-01,1.5353422164916992,1.5206499099731443,-163.5545587539691,-1.8443344408632356
F17_SI,2017-11-01,2017-12-01,1.76763916015625,1.559681415557861,-1153.220444829226,-12.555277017057959
U96_SI,2017-11-01,2017-12-01,1.2835057973861694,1.1513800621032717,-1019.3213090388754,-11.097864469203195
VC2_SI,2017-11-01,2017-12-01,1.4506946802139282,1.38307785987854,-506.5645260148649,-5.515203057468726
C2PU_SI,2017-08-01,2018-01-02,1.90880286693573,2.1278107166290283,992.5665436993859,10.474803186061184
J85_SI,2017-12-01,2018-01-02,1.0415654182434082,1.0603891611099243,74.60116986859066,0.8950944054101111
T82U_SI,2017-09-04,2018-02-01,1.1675933599472046,1.275507569313049,762.5685677890779,8.263670485680239
C38U_SI,2017-12-01,2018-02-01,1.326238751411438,1.3446722030639648,40.12818834781683,0.48148322266480303
CC3_SI,2017-12-01,2018-02-01,1.8287431001663208,1.82248055934906,-102.95835553240795,-1.2353504462059195
A17U_SI,2018-01-02,2018-02-01,1.6759823560714722,1.6576993465423584,-187.45873873901292,-1.9770773520793856
C6L_SI,2018-01-02,2018-02-01,5.729471206665039,6.175156116485596,645.8119010689279,6.813150186710356
5E2_SI,2017-11-01,2018-02-12,21.943313598632812,25.87346076965332,1545.4282215271014,16.854014268708333
U14_SI,2017-06-01,2018-03-01,5.630227565765381,6.829851150512695,2030.9505374107375,20.21996945776034
W05_SI,2017-06-01,2018-03-01,1.478251814842224,1.7511284351348877,1747.4415836107746,17.39805524216968
C2PU_SI,2018-02-01,2018-03-01,2.187999963760376,2.014693021774292,-808.4733681306843,-8.745793090357337
J85_SI,2018-02-01,2018-03-01,1.1427319049835205,1.0717147588729858,-652.2302852123958,-7.054967887575682
TQ5_SI,2018-02-01,2018-03-01,1.6092689037322998,1.4732744693756104,-857.0829650645246,-9.270949306262994
D01_SI,2018-03-01,2018-04-02,5.416899681091309,5.228314399719238,-436.5582227821342,-4.34620034869394
U96_SI,2018-03-01,2018-04-02,1.1966804265975952,1.1740299463272097,-278.4108645820579,-2.7717855031047103
C09_SI,2017-06-01,2018-05-02,8.517836570739746,9.9651517868042,1601.5024361667638,15.943375049983912
VC2_SI,2018-02-01,2018-05-02,1.370784044265747,1.3952622413635254,80.77605888676771,0.8737402473426943
ES3_SI,2018-03-01,2018-05-02,2.534869432449341,2.6304702758789062,285.44763415753914,2.841671717492311
J69U_SI,2018-03-01,2018-05-02,1.4636571407318115,1.4841294288635254,49.239922220231165,0.49020778454675334
U14_SI,2018-04-02,2018-05-02,6.909825801849365,7.0743408203125,142.5255349347608,1.4635850636598828
ME8U_SI,2017-06-01,2018-06-01,1.084070086479187,1.2374011278152466,1317.9658981208813,13.121321508584192
S58_SI,2018-02-01,2018-06-01,4.609846115112305,4.448841094970703,-402.7311487236002,-4.35730855402157
T82U_SI,2018-05-02,2018-06-01,1.2406412363052368,1.1197582483291626,-1087.0185582401737,-10.55225808498621
5E2_SI,2018-03-01,2018-06-18,22.707508087158203,21.163179397583008,-766.3685846328717,-7.635994352366573
C6L_SI,2018-03-01,2018-07-02,5.9335198402404785,5.595229148864746,-657.4365541779989,-6.546235161514613
J85_SI,2018-04-02,2018-07-02,1.0910831689834597,1.0071537494659424,-829.6056500050436,-8.519350211766087
C38U_SI,2018-05-02,2018-07-02,1.3959189653396606,1.3363770246505735,-527.7166048431409,-5.123180849374655
C52_SI,2018-05-02,2018-07-02,1.5434091091156006,1.5858625173568726,188.50148126673957,1.8300128670701763
D01_SI,2018-05-02,2018-07-02,5.528566360473633,5.809237957000732,426.00349001765426,4.135297655016421
N2IU_SI,2018-05-02,2018-07-02,1.0314233303070068,0.999391496181488,-409.35828989902075,-3.973738265790745
A17U_SI,2018-06-01,2018-07-02,1.6663331985473633,1.635011076927185,-271.75853551000364,-2.758829989695069
F34_SI,2018-06-01,2018-07-02,2.3327715396881104,2.1820380687713623,-718.9236297926891,-7.299636247773434
Z25_SI,2018-06-01,2018-07-02,1.3389638662338257,1.243323564529419,-785.4693382310252,-7.974829452400437
C2PU_SI,2019-03-01,2019-04-01,2.1494431495666504,2.209990978240967,183.20435894394177,1.895700918932215
C52_SI,2019-03-01,2019-04-01,1.737035036087036,1.8585561513900757,583.4835495200768,6.037244044107309
J85_SI,2019-03-01,2019-05-02,1.1010305881500244,1.1010305881500244,-86.59715678858629,-0.8959681433548897
ME8U_SI,2019-03-01,2019-05-02,1.3331398963928225,1.3819936513900757,264.399515150606,2.7357618083664605
T82U_SI,2019-03-01,2019-05-02,1.2723017930984497,1.2342110872268677,-373.33604460549213,-3.8629863057251606
9A4U_SI,2019-04-01,2019-05-02,3.0007972717285156,2.9730117321014404,-183.13672848343776,-1.8136106080088228
J69U_SI,2019-04-01,2019-05-02,1.6784430742263794,1.7006925344467163,42.18262303805386,0.41775601466323975
EB5_SI,2019-05-02,2019-05-30,1.2806401252746582,1.0837494134902954,-1583.2499152634718,-16.132616588030274
H78_SI,2019-03-01,2019-06-03,5.010504245758057,4.6743669509887695,-729.0608930969229,-7.5445127877835825
M44U_SI,2019-05-02,2019-06-03,1.0186777114868164,0.9986433386802672,-279.2162374522977,-2.845050859565714
Z25_SI,2019-05-02,2019-06-03,1.1636232137680054,1.0216121673583984,-1274.8873088247765,-12.990834506324457
C38U_SI,2019-03-01,2019-07-01,1.6598619222640991,1.861024022102356,1074.1037834615727,11.114654477306832
C2PU_SI,2019-06-03,2019-07-01,2.273728847503662,2.3349740505218506,156.96090491116047,1.7734999234487274
C09_SI,2019-07-01,2019-08-01,7.844140529632568,7.811659812927246,-129.48822735452632,-1.306334323171634
A17U_SI,2019-03-01,2019-09-02,1.808700680732727,2.0838005542755127,1370.087264063539,14.177563326926025
AJBU_SI,2019-03-01,2019-09-02,1.0375945568084717,1.33471941947937,2656.245747787714,27.48339416374081
N2IU_SI,2019-03-01,2019-09-02,1.1879390478134155,1.543494701385498,2780.096769573869,28.7663271429875
C52_SI,2019-05-02,2019-09-02,1.9371871948242188,1.8540784120559692,-505.15467755001555,-5.147707715574679
U14_SI,2019-05-02,2019-09-02,6.250224590301514,6.137495517730713,-263.32456980800634,-2.683408808537106
F34_SI,2019-06-03,2019-09-02,2.456110715866089,2.8336405754089355,1268.8150857120763,14.337356228089668
J69U_SI,2019-06-03,2019-09-02,1.816917061805725,2.012573003768921,865.1742746036671,9.776116517456009
ME8U_SI,2019-06-03,2019-09-02,1.3886699676513672,1.5838842391967771,1153.7606989645956,13.035723213684033
M44U_SI,2019-07-01,2019-09-02,1.1005462408065796,1.07328462600708,-332.320411544144,-3.35087266383476
Z74_SI,2019-08-01,2019-09-02,2.5338048934936523,2.367901086807251,-726.0952111381284,-7.384919279729752
A17U_SI,2019-11-01,2019-12-02,2.1037092208862305,2.067525863647461,-269.54895365953416,-2.6005366991559464
C2PU_SI,2019-11-01,2019-12-02,2.5696864128112793,2.5488901138305664,-175.97702180266242,-1.6980103950513221
C38U_SI,2019-11-01,2019-12-02,1.818403720855713,1.7827492952346802,-294.25145093357423,-2.839154517233623
J69U_SI,2019-11-01,2019-12-02,1.9829084873199463,2.00485897064209,20.840771348121052,0.2010978142207343
S59_SI,2019-12-02,2020-01-02,2.44817852973938,2.456829309463501,-55.847924853085715,-0.5457783434895308
AJBU_SI,2019-11-01,2020-02-03,1.496742606163025,1.6967875957489014,1280.0372707511196,12.349639310490497
C09_SI,2019-11-01,2020-02-03,8.876928329467773,8.541796684265137,-480.5054848222717,-4.637453487117184
CY6U_SI,2019-11-01,2020-02-03,1.0474296808242798,1.033521056175232,-229.26136711358959,-2.2119522189795426
M44U_SI,2019-11-01,2020-02-03,1.188745141029358,1.3033483028411863,897.4142746090893,8.658338332494848
ME8U_SI,2019-11-01,2020-02-03,1.7535982131958008,1.9271785020828247,923.8868139441038,8.913865346492836
N2IU_SI,2019-11-01,2020-02-03,1.638350486755371,1.623361349105835,-186.8417640569205,-1.802663009399804
EB5_SI,2019-12-02,2020-02-03,1.2580682039260864,1.1944581270217896,-604.4122683516725,-5.906837242704174
F34_SI,2019-12-02,2020-02-03,3.05734920501709,2.8709256649017334,-710.0517890639294,-6.938890694728141
U14_SI,2019-12-02,2020-02-03,6.504909992218018,6.538311958312988,-39.608106180667164,-0.38708031617347266
J69U_SI,2020-01-02,2020-02-03,2.041444778442383,2.1000404357910156,199.19548481464517,1.948618177990889
AIY_SI,2020-12-01,2020-12-07,3.434946298599243,2.55248761177063,-2757.307286737442,-26.356399314374944
9A4U_SI,2020-12-01,2021-01-04,2.562842845916748,2.562842845916748,-93.73853993224839,-0.8959681433548783
AJBU_SI,2020-12-01,2021-01-04,2.1246137619018555,2.117026090621948,-130.7610981209291,-1.2499001519514092
BVA_SI,2020-12-01,2021-01-04,1.4160186052322388,1.2727618217468262,-1142.6455527171493,-10.922195752059494
ME8U_SI,2020-12-01,2021-01-04,2.073831558227539,2.0666801929473877,-129.48558150172175,-1.2377167920003846
X5N_SI,2021-01-04,2021-02-01,1.7312155961990356,1.793044924736023,255.22630718231267,2.6434730206791244
C2PU_SI,2020-12-01,2021-02-01,3.207258701324463,3.270395278930664,110.35622635483742,1.0549469467875268
F34_SI,2020-12-01,2021-02-01,3.243857145309448,4.076010227203369,2565.47590868354,24.527384933974705
BUOU_SI,2021-01-04,2021-02-01,1.025066375732422,1.025066375732422,-86.50842664718584,-0.8959681433548983
AIY_SI,2021-01-04,2021-02-24,3.0838608741760254,5.4086174964904785,7127.146643887996,73.81322392366941
C52_SI,2021-01-04,2021-03-01,1.290921688079834,1.260001301765442,-315.7069731177089,-3.269725574666861
T82U_SI,2021-02-01,2021-03-01,1.1445658206939695,1.0803406238555908,-698.4985283677543,-6.457007830535825
E28_SI,2020-12-01,2021-03-08,1.029158115386963,1.0466015338897705,81.9973008203524,0.7837670471323827
X5N_SI,2021-02-01,2021-03-23,1.793044924736023,1.9167029857635496,642.4269577542527,5.938781087039966
F34_SI,2021-03-01,2021-04-01,4.122241020202637,4.206998348236084,138.51795006513748,1.1417081827852946
S20_SI,2021-03-01,2021-04-01,1.8268861770629885,1.8333419561386108,-66.23083187478733,-0.5457581832584623
C6L_SI,2021-02-01,2021-05-05,3.3613011837005615,3.9419643878936768,1755.1464232234975,16.22420691426428
S58_SI,2020-12-01,2021-05-11,3.795609712600708,3.4945156574249268,-916.2205554714183,-8.757586459096126
5E2_SI,2021-04-01,2021-05-14,3.155592679977417,3.053248405456543,-478.4030661363595,-4.110175828275283
S59_SI,2021-04-01,2021-05-14,1.943354845046997,1.8013745546340942,-946.9538365057688,-8.136446772339273
ES3_SI,2021-04-01,2021-06-01,2.573110580444336,2.602983236312866,29.630792320134788,0.25458506696466454
5E2_SI,2021-06-01,2021-06-25,3.4967377185821533,2.3709585666656494,-3666.2488045067767,-32.80263713433625
VC2_SI,2021-01-04,2021-07-01,1.0837430953979492,1.1909416913986206,860.0575032609704,8.906920676100151
F34_SI,2021-06-01,2021-07-01,3.839909315109253,3.5701639652252197,-878.3567896127697,-7.857812696011609
H78_SI,2021-02-01,2021-08-02,3.39833402633667,3.541236639022827,353.8966321290736,3.2714341691580104
Z25_SI,2021-06-01,2021-08-02,1.1798018217086792,1.049744963645935,-1321.3271690053916,-11.820819052601914
H13_SI,2021-07-01,2021-08-02,2.5112533569335938,2.467503070831299,-248.7416345024103,-2.6225282037517927
MZH_SI,2021-07-01,2021-08-16,5.215838432312012,4.030419826507568,-2220.918450024127,-23.419626572902608
B61_SI,2021-08-02,2021-09-01,4.204092979431152,4.048081398010254,-463.551278686522,-4.573664333897836
C6L_SI,2021-08-02,2021-09-01,4.080996036529541,4.138245105743408,50.088860630035924,0.49428402262348115
U96_SI,2020-12-01,2021-09-13,1.5391013622283936,1.592199206352234,263.9603119218973,2.5230467212342482
O5RU_SI,2021-08-02,2021-10-01,1.10222589969635,0.9923575520515442,-1092.0170304684034,-10.774520469177963
S20_SI,2021-09-01,2021-10-01,2.1129345893859863,2.026827812194824,-448.059358816623,-4.934677544342928
E28_SI,2021-04-01,2021-10-11,1.351860284805298,1.869446873664856,4311.990446666658,37.0479809225781
ME8U_SI,2021-09-01,2021-11-01,2.169900894165039,2.043570756912231,-605.281304837943,-6.665736698417944
M44U_SI,2021-10-01,2021-11-01,1.5012784004211426,1.5176042318344116,17.283860436558825,0.18175049698053444
SET_SI,2021-10-01,2021-11-01,1.3959388732910156,1.4228875637054443,96.7382543599615,1.0172416141970306
EB5_SI,2021-11-01,2021-11-19,1.2818069458007812,1.082905888557434,-1780.2710834226582,-16.274178394080653
AIY_SI,2021-03-01,2021-11-29,5.361173629760742,7.969762325286865,5741.994636840105,47.32512578787121
VC2_SI,2021-10-01,2021-12-01,1.3290220499038696,1.3138329982757568,-192.90436903387126,-2.028602667013538
O5RU_SI,2021-11-01,2021-12-01,1.0233912467956543,0.9949637055397034,-399.1453842196752,-3.648858558488955
E28_SI,2021-11-01,2021-12-02,2.020782947540283,1.7982298135757446,-1291.951807898342,-11.81050644399946
BSL_SI,2021-06-01,2021-12-06,1.010831356048584,1.1514687538146973,1441.1556834144612,12.892418084524124
AGS_SI,2021-12-01,2022-01-03,1.7752584218978882,1.6995365619659424,-603.2397618836749,-5.123150803847361
EB5_SI,2021-12-01,2022-01-03,1.0902724266052246,1.141839623451233,446.45199105835127,3.7914081437784883
9A4U_SI,2021-07-01,2022-01-31,2.8626344203948975,2.903496026992798,49.18643659019472,0.5186553702662982
BUOU_SI,2021-09-01,2022-02-03,1.1134215593338013,1.0428045988082886,-652.1179033074368,-7.181480981571585
CC3_SI,2021-12-01,2022-02-03,1.0341554880142212,1.0035138130187988,-451.259802945553,-3.8323868638302647
C2PU_SI,2021-06-01,2022-03-01,3.64484190940857,3.7938425540924072,352.7026017179487,3.155391285785281
H78_SI,2021-11-01,2022-03-15,4.278672695159912,3.778973340988159,-1364.0150475960963,-12.470169827583407
T82U_SI,2021-12-01,2022-07-01,1.1502954959869385,1.2617310285568235,1025.0251820173853,8.704791494752483
