ticker,avg_entry,entries,cs_spread_pct
ES3_SI,3.1125002801418304,8,0.18771254902390525
C6L_SI,5.135405282179515,12,0.3547163871369088
B61_SI,4.37369704246521,2,0.3552846259693515
U06_SI,3.172086715698242,1,0.36642238579439607
H13_SI,2.5112533569335938,1,0.3710247762414725
C09_SI,7.6258295604160855,7,0.4027484324696128
U14_SI,6.795946478843689,8,0.41565676475406693
U10_SI,2.3892018795013428,3,0.4233732260482416
S20_SI,1.9699103832244873,2,0.4308019349419226
Z74_SI,2.333021318912506,10,0.43362701216066474
S59_SI,2.5482097693852017,7,0.4495923612301055
AGS_SI,1.969746470451355,3,0.4533965268571506
F34_SI,3.2251035485948836,7,0.46335152016630504
A17U_SI,1.9390230576197307,9,0.4658328248544563
S58_SI,3.725647735595703,5,0.46631528044664616
C2PU_SI,3.0766520408483653,13,0.4806036144882903
ME8U_SI,1.8237130533565173,11,0.48403589728180346
9CI_SI,3.3227803111076355,4,0.4893353657897159
P52_SI,1.5978587865829468,1,0.4924944147073391
F17_SI,2.045304854710897,3,0.5059362587986252
H78_SI,4.0846110582351685,6,0.5160060469524723
J69U_SI,1.8685486714045207,9,0.5248271168730232
U96_SI,2.7541542530059813,10,0.5278959980250997
NIO_SI,9.853333473205566,3,0.5347674090794605
C38U_SI,1.6344588160514832,10,0.5461804254684474
AJBU_SI,1.6670248707135518,6,0.5597284116930855
F9D_SI,1.653614083925883,3,0.5667254607911608
OV8_SI,1.8902425595692225,7,0.5679038201956174
AIY_SI,6.789023548364639,8,0.5679706664861895
F03_SI,1.6852811972300212,3,0.5801590386849251
W05_SI,1.478251814842224,1,0.5809636844722929
H30_SI,1.0132800340652466,1,0.5908056976880763
O5RU_SI,1.0669780254364014,5,0.5951390860019021
TQ5_SI,1.5723055601119995,2,0.6009345320321532
C52_SI,1.436810885156904,7,0.6143183404592785
OYY_SI,2.2482123374938965,1,0.6148148817663293
J85_SI,1.06696455180645,8,0.6155437684955872
N2IU_SI,1.3447333812713622,5,0.617223728119658
D01_SI,3.687758837427412,7,0.6208852761820097
HQU_SI,1.4424840211868286,2,0.6214711726169314
VC2_SI,1.2424635589122772,8,0.6309751455069482
OU8_SI,1.148423671722412,1,0.6324004634146464
T82U_SI,1.1918934732675552,8,0.6345347014178242
M44U_SI,1.2905630724770683,7,0.6475718509602552
CC3_SI,1.2897424300511677,3,0.661599997254262
BSL_SI,1.1797619263331096,3,0.662980387381755
H22_SI,1.3639260530471802,2,0.6670895599032338
X5N_SI,1.6632821559906006,2,0.6726028979897818
CY6U_SI,1.027080774307251,2,0.6863470939565491
G92_SI,1.2659691174825032,3,0.6869684849715476
BUOU_SI,1.0576668083667755,4,0.690718589530911
SET_SI,1.3959388732910156,1,0.6934657633470691
E28_SI,1.4223901480436325,8,0.7322123844615728
BS6_SI,2.6188947473253523,7,0.7338005202279866
558_SI,1.3088292479515076,2,0.7472118529838141
5E2_SI,6.365050673484802,9,0.7609574418631718
MZH_SI,3.2041097283363342,2,0.7705546769194865
PCT_SI,1.2779611349105835,1,0.7707662179427478
Z25_SI,1.276719868183136,4,0.7719415489593614
EB5_SI,1.5128895971510146,9,0.7788290047749157
P8Z_SI,1.6074029207229614,5,0.8247682669960137
5TP_SI,1.1901811361312866,2,0.8759090564796488
BVA_SI,1.4160186052322388,1,0.8783632559616805
544_SI,1.1612197160720825,2,0.9130638216682884
9A4U_SI,2.71639484167099,4,1.0034384192274652
YF8_SI,1.090000033378601,1,1.2527276239602876
