ticker,entry_date,exit_date,pnl_pct,year
5E2_SI,2026-06-08,2026-06-10,-2.8681858112929777,2026
5TP_SI,2026-06-10,2026-06-24,-0.8959681433548851,2026
9A4U_SI,2026-09-10,2026-09-14,-2.2292049572027928,2026
9CI_SI,2026-03-10,2026-03-16,-1.9391675187224309,2026
9CI_SI,2026-06-03,2026-06-04,-2.0573424350598235,2026
9CI_SI,2026-06-09,2026-06-23,-1.287683315150869,2026
A17U_SI,2026-09-11,2026-09-24,-3.4370948351186477,2026
A17U_SI,2026-09-16,2026-09-24,-3.022662147405372,2026
A17U_SI,2026-09-17,2026-09-24,-3.022662147405372,2026
A17U_SI,2026-09-28,2026-10-01,-2.627041313565465,2026
AIY_SI,2026-09-29,2026-09-30,-2.0591653802543104,2026
C38U_SI,2026-09-14,2026-09-22,-3.0598096061181095,2026
C38U_SI,2026-09-17,2026-09-22,-2.634633732605172,2026
C38U_SI,2026-09-30,2026-10-06,-0.0071436007896436724,2026
C6L_SI,2025-12-11,2025-12-26,1.1555426521882914,2025
C6L_SI,2026-05-05,2026-05-19,3.5367956652153745,2026
C6L_SI,2026-08-13,2026-08-19,-2.5733333735072694,2026
C6L_SI,2026-09-08,2026-09-10,-1.9267704052625776,2026
C6L_SI,2026-09-09,2026-09-14,-2.223249543825582,2026
C6L_SI,2026-09-11,2026-09-16,-3.5744529977942143,2026
C6L_SI,2026-09-15,2026-09-16,-2.845065756469511,2026
C6L_SI,2026-09-17,2026-10-01,1.5397660221585912,2026
C6L_SI,2026-09-21,2026-10-05,1.077000893779855,2026
C6L_SI,2026-09-22,2026-10-06,1.0649889174997065,2026
D01_SI,2026-07-24,2026-08-07,10.95028192157772,2026
F03_SI,2026-09-18,2026-09-21,-10.806367953556045,2026
F03_SI,2026-09-22,2026-10-06,-2.9288754310121696,2026
F34_SI,2026-05-28,2026-06-12,4.366182898516302,2026
H22_SI,2026-07-03,2026-07-06,-1.641109620528711,2026
HBBD_SI,2025-07-10,2025-07-24,15.57236744663446,2025
HBBD_SI,2026-06-12,2026-06-16,-3.8991241743088256,2026
HJDD_SI,2026-06-25,2026-06-26,-4.49974773519812,2026
HJDD_SI,2026-09-10,2026-09-24,-1.4755233195703992,2026
HJDD_SI,2026-09-11,2026-09-25,-2.061903734765834,2026
HQU_SI,2026-06-29,2026-07-01,-4.199435344969088,2026
HSMD_SI,2026-02-06,2026-02-24,0.449334150306203,2026
J69U_SI,2026-09-02,2026-09-09,-2.739773234587691,2026
J69U_SI,2026-09-17,2026-09-25,-3.2555858063141483,2026
J69U_SI,2026-09-22,2026-09-25,-3.2555858063141483,2026
J69U_SI,2026-09-28,2026-10-06,0.061557852198376756,2026
ME8U_SI,2026-09-28,2026-10-01,-1.9559032994080183,2026
N2IU_SI,2026-09-15,2026-09-29,-0.895968143354886,2026
NIO_SI,2024-01-18,2024-01-19,-3.6659539451191345,2024
NIO_SI,2025-11-19,2025-11-20,-3.3818568026156224,2025
O5RU_SI,2026-08-13,2026-08-20,-2.87804689022839,2026
O5RU_SI,2026-09-14,2026-09-25,-2.2820372479532924,2026
O5RU_SI,2026-09-15,2026-09-25,-2.2820372479532924,2026
S58_SI,2026-08-24,2026-08-31,-5.706839021824659,2026
S58_SI,2026-09-25,2026-10-01,-2.189753251942801,2026
U14_SI,2026-09-15,2026-09-18,-1.940391800148192,2026
Z77_SI,2026-04-30,2026-05-15,4.080872380005498,2026
Z77_SI,2026-06-02,2026-06-08,-3.6424976331434844,2026
